,Customer ID,Status
93,2005033.0,TERMINATED
134,2005608.0,TERMINATED
319,2008809.0,TERMINATED
332,2009014.0,TERMINATED
423,2010785.0,TERMINATED
716,2015387.0,TERMINATED
915,2018292.0,TERMINATED
1122,2021235.0,TERMINATED
1442,2025362.0,TERMINATED
1604,2027843.0,TERMINATED
1632,2028153.0,TERMINATED
1633,2028194.0,TERMINATED
1717,2029331.0,TERMINATED
1734,2029547.0,TERMINATED
1736,2029557.0,TERMINATED
1755,2029813.0,TERMINATED
1809,2030367.0,TERMINATED
1966,2032759.0,TERMINATED
2426,2038368.0,TERMINATED
2565,2039891.0,TERMINATED
2653,2040808.0,TERMINATED
2776,2042175.0,TERMINATED
2786,2042320.0,TERMINATED
2788,2042373.0,TERMINATED
2817,2042712.0,TERMINATED
2901,2043657.0,TERMINATED
2948,2044220.0,TERMINATED
2997,2045090.0,TERMINATED
3050,2045691.0,TERMINATED
3124,2046460.0,TERMINATED
3178,2046976.0,TERMINATED
3332,2048891.0,TERMINATED
3348,2049170.0,TERMINATED
3374,2049437.0,TERMINATED
3378,2049482.0,TERMINATED
3426,2049865.0,TERMINATED
3448,2050068.0,TERMINATED
3602,2051674.0,TERMINATED
3632,2052025.0,TERMINATED
3643,2052164.0,TERMINATED
3649,2052272.0,TERMINATED
3665,2052493.0,TERMINATED
3674,2052672.0,TERMINATED
3767,2053788.0,TERMINATED
3783,2053934.0,TERMINATED
3789,2053960.0,TERMINATED
3861,2054812.0,TERMINATED
3985,2056196.0,TERMINATED
4273,2059174.0,TERMINATED
4388,2060204.0,TERMINATED
4541,2061805.0,TERMINATED
4592,2062249.0,TERMINATED
4694,2063157.0,TERMINATED
4732,2063476.0,TERMINATED
4758,2063731.0,TERMINATED
4815,2064352.0,TERMINATED
4875,2064988.0,TERMINATED
4889,2065218.0,TERMINATED
4980,2066181.0,TERMINATED
5110,2067477.0,TERMINATED
5234,2068681.0,TERMINATED
5362,2070099.0,TERMINATED
5378,2070246.0,TERMINATED
5392,2070356.0,TERMINATED
5408,2070492.0,TERMINATED
5430,2070738.0,TERMINATED
5450,2070913.0,TERMINATED
5482,2071162.0,TERMINATED
5615,2072447.0,TERMINATED
5649,2072846.0,TERMINATED
5733,2073703.0,TERMINATED
5736,2073746.0,TERMINATED
5771,2074193.0,TERMINATED
5879,2075137.0,TERMINATED
6005,2076234.0,TERMINATED
6420,2080033.0,TERMINATED
6467,2080502.0,TERMINATED
6770,2083254.0,TERMINATED
6838,2083746.0,TERMINATED
6899,2084451.0,TERMINATED
6906,2084504.0,TERMINATED
7045,2085907.0,TERMINATED
7199,2087334.0,TERMINATED
7396,2089130.0,TERMINATED
7471,2089698.0,TERMINATED
7478,2089763.0,TERMINATED
7542,2090402.0,TERMINATED
7672,2091559.0,TERMINATED
7678,2091589.0,TERMINATED
7724,2092019.0,TERMINATED
7873,2093365.0,TERMINATED
7952,2094061.0,TERMINATED
7985,2094424.0,TERMINATED
8007,2094628.0,TERMINATED
8309,2097078.0,TERMINATED
8496,2098415.0,TERMINATED
8548,2098882.0,TERMINATED
8567,2099064.0,TERMINATED
8569,2099073.0,TERMINATED
8588,2099240.0,TERMINATED
8603,2099413.0,TERMINATED
8649,2099842.0,TERMINATED
8783,2100962.0,TERMINATED
8805,2101181.0,TERMINATED
8914,2102212.0,TERMINATED
8985,2102933.0,TERMINATED
9080,2103628.0,TERMINATED
9227,2104879.0,TERMINATED
9304,2105460.0,TERMINATED
9306,2105466.0,TERMINATED
9311,2105526.0,TERMINATED
9353,2105813.0,TERMINATED
9458,2106706.0,TERMINATED
9523,2107297.0,TERMINATED
9571,2107645.0,TERMINATED
9576,2107667.0,TERMINATED
9608,2107830.0,TERMINATED
9662,2108235.0,TERMINATED
9746,2108861.0,TERMINATED
9774,2109038.0,TERMINATED
9914,2110221.0,TERMINATED
9921,2110262.0,TERMINATED
9982,2110768.0,TERMINATED
10011,2110912.0,TERMINATED
10040,2111086.0,TERMINATED
10075,2111403.0,TERMINATED
10177,2112136.0,TERMINATED
10322,2113212.0,TERMINATED
10342,2113322.0,TERMINATED
10451,2114234.0,TERMINATED
10678,2115788.0,TERMINATED
10794,2116578.0,TERMINATED
10801,2116607.0,TERMINATED
10864,2117049.0,TERMINATED
11093,2118679.0,TERMINATED
11467,2121409.0,TERMINATED
11547,2122073.0,TERMINATED
11752,2123526.0,TERMINATED
11763,2123585.0,TERMINATED
11769,2123625.0,TERMINATED
11781,2123687.0,TERMINATED
11993,2125181.0,TERMINATED
12117,2125887.0,TERMINATED
12143,2126096.0,TERMINATED
12278,2127038.0,TERMINATED
12439,2128059.0,TERMINATED
12509,2128532.0,TERMINATED
12511,2128546.0,TERMINATED
12597,2129132.0,TERMINATED
12731,2130033.0,TERMINATED
12758,2130173.0,TERMINATED
12812,2130492.0,TERMINATED
13164,2132949.0,TERMINATED
13165,2132950.0,TERMINATED
13273,2133708.0,TERMINATED
13408,2134599.0,TERMINATED
13541,2135465.0,TERMINATED
13710,2136715.0,TERMINATED
14032,2138861.0,TERMINATED
14077,2139220.0,TERMINATED
14167,2139792.0,TERMINATED
14201,2140006.0,TERMINATED
14324,2140962.0,TERMINATED
14438,2141578.0,TERMINATED
14574,2142447.0,TERMINATED
14609,2142711.0,TERMINATED
14677,2143113.0,TERMINATED
14868,2144533.0,TERMINATED
14888,2144657.0,TERMINATED
14913,2144827.0,TERMINATED
14998,2145340.0,TERMINATED
15099,2145940.0,TERMINATED
15117,2146078.0,TERMINATED
15158,2146310.0,TERMINATED
15229,2146713.0,TERMINATED
15317,2147271.0,TERMINATED
15382,2147683.0,TERMINATED
15387,2147700.0,TERMINATED
15395,2147743.0,TERMINATED
15486,2148333.0,TERMINATED
15492,2148399.0,TERMINATED
15497,2148435.0,TERMINATED
15507,2148480.0,TERMINATED
15556,2148701.0,TERMINATED
15583,2148849.0,TERMINATED
15609,2149000.0,TERMINATED
15697,2149448.0,TERMINATED
15752,2149816.0,TERMINATED
15763,2149888.0,TERMINATED
15788,2150040.0,TERMINATED
15846,2150365.0,TERMINATED
15875,2150547.0,TERMINATED
16040,2151590.0,TERMINATED
16054,2151681.0,TERMINATED
16092,2151940.0,TERMINATED
16194,2152608.0,TERMINATED
16254,2152974.0,TERMINATED
16472,2154361.0,TERMINATED
16529,2154677.0,TERMINATED
16568,2155000.0,TERMINATED
16581,2155077.0,TERMINATED
16807,2156471.0,TERMINATED
16895,2157000.0,TERMINATED
17003,2157646.0,TERMINATED
17131,2158509.0,TERMINATED
17296,2159376.0,TERMINATED
17325,2159628.0,TERMINATED
17470,2160434.0,TERMINATED
17742,2162102.0,TERMINATED
17974,2163307.0,TERMINATED
18000,2163442.0,TERMINATED
18045,2163770.0,TERMINATED
18142,2164267.0,TERMINATED
18339,2165410.0,TERMINATED
18352,2165499.0,TERMINATED
18410,2165765.0,TERMINATED
18507,2166267.0,TERMINATED
18624,2166981.0,TERMINATED
18671,2167213.0,TERMINATED
18759,2167715.0,TERMINATED
18762,2167732.0,TERMINATED
18770,2167787.0,TERMINATED
18784,2167846.0,TERMINATED
18798,2167928.0,TERMINATED
18865,2168273.0,TERMINATED
18938,2168624.0,TERMINATED
18958,2168722.0,TERMINATED
18970,2168771.0,TERMINATED
18996,2168971.0,TERMINATED
19437,2171199.0,TERMINATED
19467,2171329.0,TERMINATED
19524,2171634.0,TERMINATED
19774,2172882.0,TERMINATED
19817,2173096.0,TERMINATED
19823,2173121.0,TERMINATED
20072,2174357.0,TERMINATED
20102,2174558.0,TERMINATED
20131,2174719.0,TERMINATED
20148,2174797.0,TERMINATED
20358,2175747.0,TERMINATED
20359,2175748.0,TERMINATED
20653,2177206.0,TERMINATED
20661,2177243.0,TERMINATED
20691,2177385.0,TERMINATED
20803,2177870.0,TERMINATED
20947,2178506.0,TERMINATED
21012,2178821.0,TERMINATED
21136,2179451.0,TERMINATED
21163,2179556.0,TERMINATED
21292,2180148.0,TERMINATED
21548,2181350.0,TERMINATED
21673,2181858.0,TERMINATED
22143,2183951.0,TERMINATED
22195,2184137.0,TERMINATED
22279,2184539.0,TERMINATED
22449,2185330.0,TERMINATED
22492,2185575.0,TERMINATED
22603,2186135.0,TERMINATED
22742,2186874.0,TERMINATED
22790,2187174.0,TERMINATED
22891,2187659.0,TERMINATED
23023,2188343.0,TERMINATED
23066,2188498.0,TERMINATED
23113,2188672.0,TERMINATED
23227,2189123.0,TERMINATED
23233,2189143.0,TERMINATED
23318,2189538.0,TERMINATED
23347,2189675.0,TERMINATED
23475,2190360.0,TERMINATED
23674,2191232.0,TERMINATED
23748,2191565.0,TERMINATED
23792,2191756.0,TERMINATED
23794,2191767.0,TERMINATED
23795,2191773.0,TERMINATED
23799,2191786.0,TERMINATED
23855,2192009.0,TERMINATED
23901,2192241.0,TERMINATED
23982,2192637.0,TERMINATED
24026,2192831.0,TERMINATED
24144,2193384.0,TERMINATED
24464,2194823.0,TERMINATED
24479,2194915.0,TERMINATED
24504,2195052.0,TERMINATED
24565,2195354.0,TERMINATED
24650,2195718.0,TERMINATED
24925,2197016.0,TERMINATED
24963,2197176.0,TERMINATED
25229,2198359.0,TERMINATED
25292,2198676.0,TERMINATED
25368,2199007.0,TERMINATED
25382,2199060.0,TERMINATED
25459,2199443.0,TERMINATED
25882,2201323.0,TERMINATED
25894,2201372.0,TERMINATED
25905,2201406.0,TERMINATED
26128,2202432.0,TERMINATED
26220,2202832.0,TERMINATED
26507,2204210.0,TERMINATED
26721,2205319.0,TERMINATED
26887,2206153.0,TERMINATED
26894,2206184.0,TERMINATED
26925,2206336.0,TERMINATED
26945,2206413.0,TERMINATED
26996,2206608.0,TERMINATED
27241,2207783.0,TERMINATED
27285,2207992.0,TERMINATED
27577,2209289.0,TERMINATED
27895,2210879.0,TERMINATED
27958,2211132.0,TERMINATED
28056,2211585.0,TERMINATED
28099,2211753.0,TERMINATED
28127,2211921.0,TERMINATED
28205,2212275.0,TERMINATED
28239,2212405.0,TERMINATED
28661,2214220.0,TERMINATED
28688,2214388.0,TERMINATED
28759,2214727.0,TERMINATED
28768,2214758.0,TERMINATED
28835,2215035.0,TERMINATED
28917,2215374.0,TERMINATED
29044,2215852.0,TERMINATED
29118,2216165.0,TERMINATED
29186,2216461.0,TERMINATED
29207,2216571.0,TERMINATED
29234,2216681.0,TERMINATED
29340,2217053.0,TERMINATED
29444,2217478.0,TERMINATED
29540,2217935.0,TERMINATED
29560,2218014.0,TERMINATED
29649,2218422.0,TERMINATED
29653,2218442.0,TERMINATED
29680,2218577.0,TERMINATED
29741,2218818.0,TERMINATED
29780,2218993.0,TERMINATED
29833,2219183.0,TERMINATED
29842,2219238.0,TERMINATED
29847,2219262.0,TERMINATED
29921,2219568.0,TERMINATED
30047,2220117.0,TERMINATED
30056,2220151.0,TERMINATED
30111,2220380.0,TERMINATED
30127,2220463.0,TERMINATED
30152,2220575.0,TERMINATED
30207,2220811.0,TERMINATED
30270,2221131.0,TERMINATED
30324,2221387.0,TERMINATED
30340,2221463.0,TERMINATED
30371,2221614.0,TERMINATED
30384,2221683.0,TERMINATED
30397,2221757.0,TERMINATED
30422,2221853.0,TERMINATED
30428,2221884.0,TERMINATED
30446,2221946.0,TERMINATED
30508,2222158.0,TERMINATED
30516,2222181.0,TERMINATED
30518,2222195.0,TERMINATED
30540,2222271.0,TERMINATED
30578,2222426.0,TERMINATED
30652,2222794.0,TERMINATED
30740,2223159.0,TERMINATED
30881,2223756.0,TERMINATED
30935,2224055.0,TERMINATED
31014,2224375.0,TERMINATED
31057,2224638.0,TERMINATED
31352,2226009.0,TERMINATED
31571,2227107.0,TERMINATED
31783,2228044.0,TERMINATED
31846,2228391.0,TERMINATED
31970,2228967.0,TERMINATED
32058,2229427.0,TERMINATED
32103,2229667.0,TERMINATED
32134,2229826.0,TERMINATED
32241,2230379.0,TERMINATED
32242,2230382.0,TERMINATED
32333,2230855.0,TERMINATED
32468,2231504.0,TERMINATED
32690,2232620.0,TERMINATED
32741,2232871.0,TERMINATED
32820,2233313.0,TERMINATED
33218,2235246.0,TERMINATED
33249,2235381.0,TERMINATED
33300,2235572.0,TERMINATED
33579,2236807.0,TERMINATED
33601,2236920.0,TERMINATED
33662,2237256.0,TERMINATED
33736,2237589.0,TERMINATED
33746,2237623.0,TERMINATED
34018,2238885.0,TERMINATED
34049,2239036.0,TERMINATED
34090,2239222.0,TERMINATED
34217,2239866.0,TERMINATED
34273,2240111.0,TERMINATED
34367,2240462.0,TERMINATED
34389,2240578.0,TERMINATED
34433,2240761.0,TERMINATED
34437,2240781.0,TERMINATED
34574,2241449.0,TERMINATED
34584,2241489.0,TERMINATED
34604,2241581.0,TERMINATED
34679,2241903.0,TERMINATED
34690,2241945.0,TERMINATED
34794,2242423.0,TERMINATED
34809,2242490.0,TERMINATED
34810,2242491.0,TERMINATED
34829,2242567.0,TERMINATED
34904,2242913.0,TERMINATED
34929,2243022.0,TERMINATED
34957,2243116.0,TERMINATED
34990,2243291.0,TERMINATED
35034,2243436.0,TERMINATED
35185,2244144.0,TERMINATED
35198,2244208.0,TERMINATED
35365,2244950.0,TERMINATED
35418,2245212.0,TERMINATED
35514,2245670.0,TERMINATED
35525,2245749.0,TERMINATED
35574,2245981.0,TERMINATED
35707,2246534.0,TERMINATED
35769,2246863.0,TERMINATED
35853,2247202.0,TERMINATED
35873,2247276.0,TERMINATED
35905,2247422.0,TERMINATED
35907,2247425.0,TERMINATED
35944,2247609.0,TERMINATED
35950,2247644.0,TERMINATED
35994,2247826.0,TERMINATED
36027,2247958.0,TERMINATED
36258,2249094.0,TERMINATED
36269,2249164.0,TERMINATED
36271,2249179.0,TERMINATED
36315,2249385.0,TERMINATED
36373,2249699.0,TERMINATED
36431,2249999.0,TERMINATED
36489,2250279.0,TERMINATED
36514,2250383.0,TERMINATED
36554,2250574.0,TERMINATED
36556,2250583.0,TERMINATED
36697,2251287.0,TERMINATED
36698,2251295.0,TERMINATED
36758,2251554.0,TERMINATED
36779,2251634.0,TERMINATED
36831,2251846.0,TERMINATED
36837,2251861.0,TERMINATED
36865,2252029.0,TERMINATED
36893,2252165.0,TERMINATED
36919,2252276.0,TERMINATED
36927,2252305.0,TERMINATED
37029,2252713.0,TERMINATED
37041,2252786.0,TERMINATED
37043,2252789.0,TERMINATED
37086,2252965.0,TERMINATED
37107,2253048.0,TERMINATED
37139,2253183.0,TERMINATED
37198,2253439.0,TERMINATED
37205,2253469.0,TERMINATED
37219,2253535.0,TERMINATED
37223,2253561.0,TERMINATED
37247,2253704.0,TERMINATED
37397,2254313.0,TERMINATED
37426,2254413.0,TERMINATED
37506,2254869.0,TERMINATED
37525,2254966.0,TERMINATED
37574,2255162.0,TERMINATED
37605,2255282.0,TERMINATED
37727,2255944.0,TERMINATED
37747,2256041.0,TERMINATED
37882,2256635.0,TERMINATED
37901,2256718.0,TERMINATED
37918,2256797.0,TERMINATED
38064,2257444.0,TERMINATED
38078,2257531.0,TERMINATED
38094,2257600.0,TERMINATED
38161,2257986.0,TERMINATED
38288,2258586.0,TERMINATED
38367,2259011.0,TERMINATED
38396,2259172.0,TERMINATED
38519,2260010.0,TERMINATED
38555,2260220.0,TERMINATED
38560,2260247.0,TERMINATED
38598,2260497.0,TERMINATED
38650,2260825.0,TERMINATED
38673,2260954.0,TERMINATED
38698,2261114.0,TERMINATED
38703,2261147.0,TERMINATED
38711,2261166.0,TERMINATED
38735,2261309.0,TERMINATED
38752,2261382.0,TERMINATED
38799,2261607.0,TERMINATED
38860,2261927.0,TERMINATED
38884,2262059.0,TERMINATED
38932,2262314.0,TERMINATED
38952,2262417.0,TERMINATED
38958,2262454.0,TERMINATED
38999,2262686.0,TERMINATED
39029,2262845.0,TERMINATED
39033,2262853.0,TERMINATED
39062,2262984.0,TERMINATED
39073,2263065.0,TERMINATED
39213,2263674.0,TERMINATED
39313,2264178.0,TERMINATED
39327,2264244.0,TERMINATED
39337,2264290.0,TERMINATED
39399,2264557.0,TERMINATED
39712,2266241.0,TERMINATED
39767,2266481.0,TERMINATED
39781,2266577.0,TERMINATED
39885,2267024.0,TERMINATED
39889,2267042.0,TERMINATED
39896,2267084.0,TERMINATED
39982,2267466.0,TERMINATED
40172,2268437.0,TERMINATED
40221,2268644.0,TERMINATED
40327,2269171.0,TERMINATED
40358,2269313.0,TERMINATED
40363,2269331.0,TERMINATED
40422,2269562.0,TERMINATED
40443,2269667.0,TERMINATED
40452,2269714.0,TERMINATED
40455,2269723.0,TERMINATED
40500,2269894.0,TERMINATED
40584,2270258.0,TERMINATED
40639,2270509.0,TERMINATED
40704,2270792.0,TERMINATED
40771,2271080.0,TERMINATED
40775,2271107.0,TERMINATED
40845,2271396.0,TERMINATED
40868,2271510.0,TERMINATED
40990,2272118.0,TERMINATED
41010,2272251.0,TERMINATED
41079,2272584.0,TERMINATED
41122,2272795.0,TERMINATED
41228,2273252.0,TERMINATED
41238,2273275.0,TERMINATED
41259,2273343.0,TERMINATED
41349,2273707.0,TERMINATED
41354,2273725.0,TERMINATED
41455,2274210.0,TERMINATED
41468,2274287.0,TERMINATED
41475,2274317.0,TERMINATED
41517,2274458.0,TERMINATED
41541,2274559.0,TERMINATED
41546,2274582.0,TERMINATED
41605,2274794.0,TERMINATED
41704,2275193.0,TERMINATED
41708,2275210.0,TERMINATED
41786,2275605.0,TERMINATED
41815,2275715.0,TERMINATED
41879,2275947.0,TERMINATED
41906,2276058.0,TERMINATED
41908,2276061.0,TERMINATED
42042,2276611.0,TERMINATED
42223,2277408.0,TERMINATED
42241,2277492.0,TERMINATED
42242,2277500.0,TERMINATED
42262,2277598.0,TERMINATED
42320,2277859.0,TERMINATED
42376,2278061.0,TERMINATED
42437,2278343.0,TERMINATED
42514,2278694.0,TERMINATED
42608,2279041.0,TERMINATED
42796,2279818.0,TERMINATED
42840,2280025.0,TERMINATED
42863,2280115.0,TERMINATED
42867,2280129.0,TERMINATED
42952,2280447.0,TERMINATED
43029,2280696.0,TERMINATED
43036,2280716.0,TERMINATED
43054,2280771.0,TERMINATED
43069,2280833.0,TERMINATED
43160,2281184.0,TERMINATED
43350,2281925.0,TERMINATED
43395,2282082.0,TERMINATED
43450,2282292.0,TERMINATED
43483,2282428.0,TERMINATED
43489,2282464.0,TERMINATED
43517,2282625.0,TERMINATED
43524,2282681.0,TERMINATED
43549,2282831.0,TERMINATED
43557,2282877.0,TERMINATED
43627,2283113.0,TERMINATED
43707,2283516.0,TERMINATED
43716,2283558.0,TERMINATED
43733,2283624.0,TERMINATED
43735,2283626.0,TERMINATED
43864,2284272.0,TERMINATED
43976,2284689.0,TERMINATED
43997,2284767.0,TERMINATED
44021,2284863.0,TERMINATED
44033,2284925.0,TERMINATED
44294,2285998.0,TERMINATED
44341,2286188.0,TERMINATED
44372,2286332.0,TERMINATED
44550,2287056.0,TERMINATED
44684,2287628.0,TERMINATED
44717,2287774.0,TERMINATED
44794,2288047.0,TERMINATED
45016,2288877.0,TERMINATED
45045,2288964.0,TERMINATED
45081,2289129.0,TERMINATED
45245,2289781.0,TERMINATED
45334,2290093.0,TERMINATED
45362,2290187.0,TERMINATED
45470,2290637.0,TERMINATED
45543,2290906.0,TERMINATED
45626,2291190.0,TERMINATED
45741,2291621.0,TERMINATED
45758,2291685.0,TERMINATED
45789,2291799.0,TERMINATED
46027,2292674.0,TERMINATED
46515,2294524.0,TERMINATED
46521,2294546.0,TERMINATED
46529,2294594.0,TERMINATED
46554,2294683.0,TERMINATED
46680,2295175.0,TERMINATED
46718,2295300.0,TERMINATED
46747,2295387.0,TERMINATED
46864,2295831.0,TERMINATED
46992,2296307.0,TERMINATED
47081,2296628.0,TERMINATED
47124,2296774.0,TERMINATED
47153,2296922.0,TERMINATED
47160,2296949.0,TERMINATED
47235,2297278.0,TERMINATED
47360,2297808.0,TERMINATED
47376,2297861.0,TERMINATED
47410,2297985.0,TERMINATED
47419,2298039.0,TERMINATED
47436,2298115.0,TERMINATED
47512,2298409.0,TERMINATED
47551,2298586.0,TERMINATED
47607,2298795.0,TERMINATED
47710,2299148.0,TERMINATED
47734,2299236.0,TERMINATED
47754,2299325.0,TERMINATED
47755,2299327.0,TERMINATED
47766,2299385.0,TERMINATED
47783,2299433.0,TERMINATED
47790,2299453.0,TERMINATED
47806,2299518.0,TERMINATED
47860,2299746.0,TERMINATED
47913,2299916.0,TERMINATED
47971,2300121.0,TERMINATED
47989,2300191.0,TERMINATED
48262,2301270.0,TERMINATED
48265,2301278.0,TERMINATED
48290,2301392.0,TERMINATED
48349,2301614.0,TERMINATED
48389,2301763.0,TERMINATED
48393,2301781.0,TERMINATED
48413,2301844.0,TERMINATED
48427,2301886.0,TERMINATED
48434,2301908.0,TERMINATED
48575,2302427.0,TERMINATED
48607,2302531.0,TERMINATED
48698,2302857.0,TERMINATED
48724,2302972.0,TERMINATED
48762,2303116.0,TERMINATED
48779,2303179.0,TERMINATED
48880,2303609.0,TERMINATED
48887,2303634.0,TERMINATED
49076,2304397.0,TERMINATED
49096,2304474.0,TERMINATED
49355,2305565.0,TERMINATED
49424,2305857.0,TERMINATED
49472,2306054.0,TERMINATED
49482,2306095.0,TERMINATED
49491,2306125.0,TERMINATED
49664,2306829.0,TERMINATED
49670,2306850.0,TERMINATED
49692,2306933.0,TERMINATED
49707,2307004.0,TERMINATED
49826,2307515.0,TERMINATED
49976,2308063.0,TERMINATED
50074,2308442.0,TERMINATED
50131,2308679.0,TERMINATED
50327,2309426.0,TERMINATED
50340,2309480.0,TERMINATED
50603,2310501.0,TERMINATED
50839,2311561.0,TERMINATED
51043,2312475.0,TERMINATED
51070,2312579.0,TERMINATED
51199,2313067.0,TERMINATED
51250,2313284.0,TERMINATED
51544,2314445.0,TERMINATED
51639,2314849.0,TERMINATED
51700,2315085.0,TERMINATED
51752,2315343.0,TERMINATED
52037,2316629.0,TERMINATED
52071,2316753.0,TERMINATED
52112,2316933.0,TERMINATED
52121,2316966.0,TERMINATED
52159,2317104.0,TERMINATED
52209,2317362.0,TERMINATED
52283,2317650.0,TERMINATED
52288,2317668.0,TERMINATED
52509,2318630.0,TERMINATED
52643,2319188.0,TERMINATED
52687,2319371.0,TERMINATED
52821,2319961.0,TERMINATED
52900,2320319.0,TERMINATED
53085,2321153.0,TERMINATED
53204,2321652.0,TERMINATED
53208,2321658.0,TERMINATED
53298,2322059.0,TERMINATED
53313,2322131.0,TERMINATED
53319,2322142.0,TERMINATED
53605,2323230.0,TERMINATED
53669,2323493.0,TERMINATED
53682,2323565.0,TERMINATED
53742,2323782.0,TERMINATED
53823,2324129.0,TERMINATED
53829,2324139.0,TERMINATED
53987,2324806.0,TERMINATED
54098,2325247.0,TERMINATED
54106,2325275.0,TERMINATED
54173,2325543.0,TERMINATED
54289,2325938.0,TERMINATED
54464,2326723.0,TERMINATED
54532,2326993.0,TERMINATED
54719,2327812.0,TERMINATED
54853,2328350.0,TERMINATED
54970,2328826.0,TERMINATED
55165,2329592.0,TERMINATED
55177,2329636.0,TERMINATED
55186,2329656.0,TERMINATED
55201,2329739.0,TERMINATED
55212,2329785.0,TERMINATED
55339,2330348.0,TERMINATED
55379,2330474.0,TERMINATED
55406,2330601.0,TERMINATED
55425,2330710.0,TERMINATED
55435,2330779.0,TERMINATED
55437,2330785.0,TERMINATED
55444,2330817.0,TERMINATED
55495,2331052.0,TERMINATED
55498,2331071.0,TERMINATED
55513,2331122.0,TERMINATED
55600,2331439.0,TERMINATED
55664,2331691.0,TERMINATED
55730,2331970.0,TERMINATED
55735,2331990.0,TERMINATED
55962,2332883.0,TERMINATED
55998,2333026.0,TERMINATED
56035,2333164.0,TERMINATED
56052,2333211.0,TERMINATED
56200,2333872.0,TERMINATED
56209,2333913.0,TERMINATED
56210,2333922.0,TERMINATED
56223,2333959.0,TERMINATED
56226,2333976.0,TERMINATED
56280,2334181.0,TERMINATED
56312,2334339.0,TERMINATED
56365,2334589.0,TERMINATED
56412,2334831.0,TERMINATED
56428,2334887.0,TERMINATED
56647,2335843.0,TERMINATED
56657,2335893.0,TERMINATED
56691,2336048.0,TERMINATED
56870,2336873.0,TERMINATED
56926,2337134.0,TERMINATED
57026,2337554.0,TERMINATED
57203,2338456.0,TERMINATED
57218,2338528.0,TERMINATED
57230,2338567.0,TERMINATED
57285,2338814.0,TERMINATED
57295,2338853.0,TERMINATED
57310,2338936.0,TERMINATED
57502,2339784.0,TERMINATED
57534,2339896.0,TERMINATED
57673,2340523.0,TERMINATED
57803,2341130.0,TERMINATED
57892,2341493.0,TERMINATED
58302,2343362.0,TERMINATED
58385,2343746.0,TERMINATED
58430,2343964.0,TERMINATED
58526,2344474.0,TERMINATED
58565,2344674.0,TERMINATED
58599,2344850.0,TERMINATED
58772,2345601.0,TERMINATED
58832,2345891.0,TERMINATED
58891,2346172.0,TERMINATED
58968,2346553.0,TERMINATED
59296,2348170.0,TERMINATED
59340,2348313.0,TERMINATED
59394,2348579.0,TERMINATED
59472,2348974.0,TERMINATED
59688,2349929.0,TERMINATED
59795,2350434.0,TERMINATED
59929,2351050.0,TERMINATED
60078,2351763.0,TERMINATED
60201,2352298.0,TERMINATED
60455,2353402.0,TERMINATED
60466,2353463.0,TERMINATED
60489,2353627.0,TERMINATED
60674,2354441.0,TERMINATED
60708,2354592.0,TERMINATED
60751,2354755.0,TERMINATED
60883,2355268.0,TERMINATED
61070,2355956.0,TERMINATED
61113,2356179.0,TERMINATED
61323,2357184.0,TERMINATED
61327,2357219.0,TERMINATED
61374,2357404.0,TERMINATED
61505,2357937.0,TERMINATED
61864,2359458.0,TERMINATED
61947,2359891.0,TERMINATED
62105,2360514.0,TERMINATED
62186,2360873.0,TERMINATED
62270,2361269.0,TERMINATED
62424,2362115.0,TERMINATED
62615,2362890.0,TERMINATED
62693,2363254.0,TERMINATED
62815,2363822.0,TERMINATED
62851,2363993.0,TERMINATED
62991,2364627.0,TERMINATED
63067,2364922.0,TERMINATED
63104,2365171.0,TERMINATED
63136,2365343.0,TERMINATED
63223,2365749.0,TERMINATED
63224,2365752.0,TERMINATED
63309,2366143.0,TERMINATED
63420,2366674.0,TERMINATED
63438,2366748.0,TERMINATED
63528,2367226.0,TERMINATED
63735,2368094.0,TERMINATED
63760,2368228.0,TERMINATED
63858,2368672.0,TERMINATED
63869,2368718.0,TERMINATED
63904,2368901.0,TERMINATED
63957,2369156.0,TERMINATED
64080,2369757.0,TERMINATED
64081,2369758.0,TERMINATED
64087,2369790.0,TERMINATED
64128,2369936.0,TERMINATED
64235,2370440.0,TERMINATED
64395,2371235.0,TERMINATED
64413,2371314.0,TERMINATED
64451,2371495.0,TERMINATED
64476,2371619.0,TERMINATED
64547,2371896.0,TERMINATED
64556,2371955.0,TERMINATED
64941,2373953.0,TERMINATED
64963,2374077.0,TERMINATED
64995,2374226.0,TERMINATED
65020,2374345.0,TERMINATED
65107,2374724.0,TERMINATED
65115,2374744.0,TERMINATED
65121,2374809.0,TERMINATED
65141,2374934.0,TERMINATED
65289,2375606.0,TERMINATED
65330,2375820.0,TERMINATED
65349,2375907.0,TERMINATED
65393,2376146.0,TERMINATED
65442,2376356.0,TERMINATED
65501,2376678.0,TERMINATED
65506,2376715.0,TERMINATED
65526,2376835.0,TERMINATED
65528,2376839.0,TERMINATED
65718,2377702.0,TERMINATED
66022,2379165.0,TERMINATED
66257,2380278.0,TERMINATED
66315,2380507.0,TERMINATED
66338,2380600.0,TERMINATED
66394,2380899.0,TERMINATED
66408,2380958.0,TERMINATED
66418,2381018.0,TERMINATED
66503,2381440.0,TERMINATED
66620,2381993.0,TERMINATED
66737,2382567.0,TERMINATED
66791,2382838.0,TERMINATED
66875,2383174.0,TERMINATED
66968,2383560.0,TERMINATED
67080,2384087.0,TERMINATED
67203,2384701.0,TERMINATED
67299,2385138.0,TERMINATED
67406,2385562.0,TERMINATED
67480,2385916.0,TERMINATED
67731,2387187.0,TERMINATED
67754,2387323.0,TERMINATED
67937,2388039.0,TERMINATED
67945,2388074.0,TERMINATED
67994,2388280.0,TERMINATED
68062,2388538.0,TERMINATED
68071,2388599.0,TERMINATED
68077,2388621.0,TERMINATED
68154,2388941.0,TERMINATED
68335,2389663.0,TERMINATED
68567,2390533.0,TERMINATED
68639,2390869.0,TERMINATED
68646,2390896.0,TERMINATED
68668,2390977.0,TERMINATED
68775,2391379.0,TERMINATED
68934,2392064.0,TERMINATED
68957,2392163.0,TERMINATED
69106,2392777.0,TERMINATED
69111,2392789.0,TERMINATED
69127,2392867.0,TERMINATED
69131,2392878.0,TERMINATED
69135,2392894.0,TERMINATED
69160,2392980.0,TERMINATED
69171,2393015.0,TERMINATED
69238,2393305.0,TERMINATED
69254,2393357.0,TERMINATED
69370,2393806.0,TERMINATED
69435,2394079.0,TERMINATED
69448,2394153.0,TERMINATED
69534,2394500.0,TERMINATED
69645,2395018.0,TERMINATED
69814,2395633.0,TERMINATED
69818,2395648.0,TERMINATED
69838,2395736.0,TERMINATED
69851,2395779.0,TERMINATED
69869,2395867.0,TERMINATED
69890,2395972.0,TERMINATED
69972,2396287.0,TERMINATED
69985,2396349.0,TERMINATED
69993,2396378.0,TERMINATED
70015,2396446.0,TERMINATED
70045,2396576.0,TERMINATED
70087,2396749.0,TERMINATED
70106,2396824.0,TERMINATED
70201,2397296.0,TERMINATED
70304,2397733.0,TERMINATED
70340,2397875.0,TERMINATED
70349,2397915.0,TERMINATED
70429,2398210.0,TERMINATED
70492,2398497.0,TERMINATED
70594,2398929.0,TERMINATED
70801,2399801.0,TERMINATED
71149,2401172.0,TERMINATED
71233,2401461.0,TERMINATED
71243,2401522.0,TERMINATED
71405,2402094.0,TERMINATED
71420,2402166.0,TERMINATED
71437,2402232.0,TERMINATED
71456,2402297.0,TERMINATED
71520,2402556.0,TERMINATED
71547,2402679.0,TERMINATED
71606,2402953.0,TERMINATED
71719,2403402.0,TERMINATED
71798,2403709.0,TERMINATED
71909,2404109.0,TERMINATED
72076,2404813.0,TERMINATED
72106,2404946.0,TERMINATED
72107,2404950.0,TERMINATED
72171,2405203.0,TERMINATED
72287,2405661.0,TERMINATED
72644,2407042.0,TERMINATED
72760,2407456.0,TERMINATED
72783,2407530.0,TERMINATED
72803,2407590.0,TERMINATED
72885,2407873.0,TERMINATED
72913,2407969.0,TERMINATED
73010,2408307.0,TERMINATED
73221,2409099.0,TERMINATED
73224,2409112.0,TERMINATED
73245,2409208.0,TERMINATED
73394,2409773.0,TERMINATED
73395,2409776.0,TERMINATED
73598,2410508.0,TERMINATED
73641,2410667.0,TERMINATED
73701,2410892.0,TERMINATED
73710,2410926.0,TERMINATED
73744,2411059.0,TERMINATED
73809,2411287.0,TERMINATED
73870,2411503.0,TERMINATED
73966,2411870.0,TERMINATED
73997,2411977.0,TERMINATED
74044,2412172.0,TERMINATED
74063,2412235.0,TERMINATED
74064,2412236.0,TERMINATED
74216,2412767.0,TERMINATED
74231,2412822.0,TERMINATED
74306,2413113.0,TERMINATED
74313,2413137.0,TERMINATED
74436,2413563.0,TERMINATED
74476,2413706.0,TERMINATED
74862,2414991.0,TERMINATED
74990,2415519.0,TERMINATED
75011,2415579.0,TERMINATED
75036,2415674.0,TERMINATED
75047,2415715.0,TERMINATED
75137,2416028.0,TERMINATED
75240,2416474.0,TERMINATED
75250,2416514.0,TERMINATED
75278,2416636.0,TERMINATED
75298,2416685.0,TERMINATED
75302,2416703.0,TERMINATED
75322,2416794.0,TERMINATED
75328,2416814.0,TERMINATED
75356,2416901.0,TERMINATED
75383,2416989.0,TERMINATED
75388,2417009.0,TERMINATED
75412,2417107.0,TERMINATED
75581,2417701.0,TERMINATED
75589,2417745.0,TERMINATED
75688,2418178.0,TERMINATED
75755,2418414.0,TERMINATED
75762,2418453.0,TERMINATED
75799,2418603.0,TERMINATED
75978,2419269.0,TERMINATED
76146,2419914.0,TERMINATED
76443,2421081.0,TERMINATED
76458,2421129.0,TERMINATED
76710,2422072.0,TERMINATED
76715,2422093.0,TERMINATED
76739,2422178.0,TERMINATED
76821,2422498.0,TERMINATED
76842,2422587.0,TERMINATED
76871,2423967.0,TERMINATED
76995,2424411.0,TERMINATED
77099,2424782.0,TERMINATED
77100,2424785.0,TERMINATED
77188,2425134.0,TERMINATED
77259,2425471.0,TERMINATED
77443,2426147.0,TERMINATED
77556,2426652.0,TERMINATED
77590,2426750.0,TERMINATED
77747,2427339.0,TERMINATED
77754,2427400.0,TERMINATED
77784,2427508.0,TERMINATED
77835,2427711.0,TERMINATED
77884,2427905.0,TERMINATED
77979,2428331.0,TERMINATED
77992,2428394.0,TERMINATED
78014,2428482.0,TERMINATED
78063,2428692.0,TERMINATED
78237,2429328.0,TERMINATED
78282,2429471.0,TERMINATED
78475,2430203.0,TERMINATED
78501,2430315.0,TERMINATED
78604,2430731.0,TERMINATED
78661,2430937.0,TERMINATED
79073,2432419.0,TERMINATED
79135,2432668.0,TERMINATED
79173,2432819.0,TERMINATED
79179,2432833.0,TERMINATED
79338,2433487.0,TERMINATED
79351,2433536.0,TERMINATED
79381,2433657.0,TERMINATED
79441,2433943.0,TERMINATED
79503,2434212.0,TERMINATED
79511,2434244.0,TERMINATED
79707,2435059.0,TERMINATED
79715,2435106.0,TERMINATED
79885,2435712.0,TERMINATED
79894,2435743.0,TERMINATED
79980,2436045.0,TERMINATED
80021,2436175.0,TERMINATED
80022,2436176.0,TERMINATED
80029,2436196.0,TERMINATED
80064,2436340.0,TERMINATED
80082,2436411.0,TERMINATED
80096,2436465.0,TERMINATED
80206,2436939.0,TERMINATED
80259,2437156.0,TERMINATED
80325,2437423.0,TERMINATED
80331,2437445.0,TERMINATED
80340,2437490.0,TERMINATED
80366,2437585.0,TERMINATED
80426,2437762.0,TERMINATED
80455,2437881.0,TERMINATED
80518,2438134.0,TERMINATED
80520,2438137.0,TERMINATED
80521,2438147.0,TERMINATED
80572,2438353.0,TERMINATED
80613,2438511.0,TERMINATED
80619,2438524.0,TERMINATED
80662,2438722.0,TERMINATED
80745,2439050.0,TERMINATED
80931,2439815.0,TERMINATED
80936,2439826.0,TERMINATED
80970,2439952.0,TERMINATED
81120,2440453.0,TERMINATED
81175,2440631.0,TERMINATED
81239,2440883.0,TERMINATED
81284,2441052.0,TERMINATED
81295,2441102.0,TERMINATED
81376,2441418.0,TERMINATED
81458,2441664.0,TERMINATED
81557,2442035.0,TERMINATED
81587,2442151.0,TERMINATED
81597,2442186.0,TERMINATED
81614,2442281.0,TERMINATED
81806,2442933.0,TERMINATED
81835,2443013.0,TERMINATED
81963,2443479.0,TERMINATED
82028,2443710.0,TERMINATED
82134,2444147.0,TERMINATED
82183,2444318.0,TERMINATED
82232,2444468.0,TERMINATED
82400,2445095.0,TERMINATED
82531,2445611.0,TERMINATED
82601,2445825.0,TERMINATED
82707,2446199.0,TERMINATED
82813,2446593.0,TERMINATED
82921,2447003.0,TERMINATED
82957,2447131.0,TERMINATED
83257,2448182.0,TERMINATED
83265,2448199.0,TERMINATED
83276,2448260.0,TERMINATED
83325,2448411.0,TERMINATED
83337,2448478.0,TERMINATED
83416,2448712.0,TERMINATED
83421,2448725.0,TERMINATED
83446,2448841.0,TERMINATED
83508,2449018.0,TERMINATED
83774,2449945.0,TERMINATED
83777,2449953.0,TERMINATED
83814,2450092.0,TERMINATED
84015,2450814.0,TERMINATED
84035,2450880.0,TERMINATED
84049,2450929.0,TERMINATED
84055,2450946.0,TERMINATED
84196,2451412.0,TERMINATED
84540,2452663.0,TERMINATED
84579,2452798.0,TERMINATED
84630,2452966.0,TERMINATED
84663,2453073.0,TERMINATED
84665,2453078.0,TERMINATED
84957,2454034.0,TERMINATED
85079,2454447.0,TERMINATED
85356,2455308.0,TERMINATED
85404,2455458.0,TERMINATED
85567,2456049.0,TERMINATED
85641,2456334.0,TERMINATED
85717,2456583.0,TERMINATED
85948,2457482.0,TERMINATED
86228,2458409.0,TERMINATED
86251,2458503.0,TERMINATED
86286,2458641.0,TERMINATED
86432,2459178.0,TERMINATED
86564,2459725.0,TERMINATED
86648,2460121.0,TERMINATED
86651,2460132.0,TERMINATED
86667,2460196.0,TERMINATED
86794,2460587.0,TERMINATED
86816,2460677.0,TERMINATED
86887,2460938.0,TERMINATED
87005,2461345.0,TERMINATED
87131,2461726.0,TERMINATED
87289,2462234.0,TERMINATED
87540,2463050.0,TERMINATED
87720,2463697.0,TERMINATED
87837,2464209.0,TERMINATED
88060,2465067.0,TERMINATED
88076,2465109.0,TERMINATED
88140,2465367.0,TERMINATED
88149,2465390.0,TERMINATED
88176,2465483.0,TERMINATED
88194,2465556.0,TERMINATED
88405,2466244.0,TERMINATED
88480,2466490.0,TERMINATED
88509,2466578.0,TERMINATED
88572,2466787.0,TERMINATED
88687,2467308.0,TERMINATED
88718,2467424.0,TERMINATED
88720,2467432.0,TERMINATED
88812,2467746.0,TERMINATED
88827,2467786.0,TERMINATED
88869,2467933.0,TERMINATED
88893,2468022.0,TERMINATED
88949,2468246.0,TERMINATED
88994,2468400.0,TERMINATED
89002,2468417.0,TERMINATED
89081,2468666.0,TERMINATED
89184,2469044.0,TERMINATED
89206,2469108.0,TERMINATED
89213,2469128.0,TERMINATED
89220,2469165.0,TERMINATED
89288,2469401.0,TERMINATED
89303,2469442.0,TERMINATED
89347,2469605.0,TERMINATED
89422,2469838.0,TERMINATED
89468,2469969.0,TERMINATED
89549,2470290.0,TERMINATED
89636,2470645.0,TERMINATED
89666,2470751.0,TERMINATED
89763,2471074.0,TERMINATED
89819,2471314.0,TERMINATED
89932,2471669.0,TERMINATED
89952,2471734.0,TERMINATED
90024,2471984.0,TERMINATED
90051,2472098.0,TERMINATED
90100,2472291.0,TERMINATED
90109,2472317.0,TERMINATED
90155,2472509.0,TERMINATED
90200,2472663.0,TERMINATED
90217,2472724.0,TERMINATED
90277,2472973.0,TERMINATED
90280,2472993.0,TERMINATED
90327,2473152.0,TERMINATED
90587,2474134.0,TERMINATED
90649,2474351.0,TERMINATED
90742,2474674.0,TERMINATED
90815,2474927.0,TERMINATED
90935,2475337.0,TERMINATED
90939,2475348.0,TERMINATED
90993,2475549.0,TERMINATED
91150,2476178.0,TERMINATED
91199,2476350.0,TERMINATED
91381,2476953.0,TERMINATED
91526,2477409.0,TERMINATED
91563,2477516.0,TERMINATED
91588,2477585.0,TERMINATED
91722,2478031.0,TERMINATED
91723,2478033.0,TERMINATED
91782,2478231.0,TERMINATED
91846,2478437.0,TERMINATED
91849,2478444.0,TERMINATED
91901,2478629.0,TERMINATED
91909,2478660.0,TERMINATED
91912,2478672.0,TERMINATED
91998,2478973.0,TERMINATED
92063,2479210.0,TERMINATED
92079,2479258.0,TERMINATED
92140,2479454.0,TERMINATED
92221,2479687.0,TERMINATED
92228,2479703.0,TERMINATED
92308,2479950.0,TERMINATED
92319,2480003.0,TERMINATED
92320,2480004.0,TERMINATED
92338,2480055.0,TERMINATED
92455,2480437.0,TERMINATED
92493,2480531.0,TERMINATED
92532,2480677.0,TERMINATED
92555,2480762.0,TERMINATED
92561,2480781.0,TERMINATED
92653,2481085.0,TERMINATED
92673,2481157.0,TERMINATED
92686,2481190.0,TERMINATED
92701,2481257.0,TERMINATED
92708,2481272.0,TERMINATED
92790,2481552.0,TERMINATED
92822,2481650.0,TERMINATED
92854,2481751.0,TERMINATED
92912,2481943.0,TERMINATED
92930,2481994.0,TERMINATED
93000,2482218.0,TERMINATED
93080,2482452.0,TERMINATED
93084,2482464.0,TERMINATED
93139,2482638.0,TERMINATED
93146,2482652.0,TERMINATED
93217,2482895.0,TERMINATED
93349,2483339.0,TERMINATED
93421,2483597.0,TERMINATED
93494,2483827.0,TERMINATED
93521,2483928.0,TERMINATED
93533,2483959.0,TERMINATED
93630,2484262.0,TERMINATED
93960,2485380.0,TERMINATED
94004,2485513.0,TERMINATED
94006,2485518.0,TERMINATED
94041,2485637.0,TERMINATED
94051,2485677.0,TERMINATED
94092,2485799.0,TERMINATED
94104,2485846.0,TERMINATED
94155,2486023.0,TERMINATED
94176,2486081.0,TERMINATED
94339,2486626.0,TERMINATED
95023,2488725.0,TERMINATED
95121,2489047.0,TERMINATED
95215,2489296.0,TERMINATED
95216,2489297.0,TERMINATED
95237,2489361.0,TERMINATED
95606,2490563.0,TERMINATED
95617,2490590.0,TERMINATED
95755,2491020.0,TERMINATED
95843,2491311.0,TERMINATED
95844,2491313.0,TERMINATED
95857,2491353.0,TERMINATED
95889,2491476.0,TERMINATED
95891,2491481.0,TERMINATED
95897,2491498.0,TERMINATED
95901,2491507.0,TERMINATED
95911,2491532.0,TERMINATED
95980,2491754.0,TERMINATED
96009,2491837.0,TERMINATED
96074,2492031.0,TERMINATED
96270,2492650.0,TERMINATED
96282,2492716.0,TERMINATED
96294,2492754.0,TERMINATED
96295,2492758.0,TERMINATED
96314,2492810.0,TERMINATED
96456,2493313.0,TERMINATED
96506,2493494.0,TERMINATED
96513,2493509.0,TERMINATED
96536,2493568.0,TERMINATED
96571,2493697.0,TERMINATED
96576,2493709.0,TERMINATED
96584,2493744.0,TERMINATED
96653,2493955.0,TERMINATED
96753,2494289.0,TERMINATED
96818,2494488.0,TERMINATED
96872,2494659.0,TERMINATED
96967,2494980.0,TERMINATED
97066,2495317.0,TERMINATED
97139,2495533.0,TERMINATED
97154,2495577.0,TERMINATED
97207,2495768.0,TERMINATED
97224,2495822.0,TERMINATED
97387,2496285.0,TERMINATED
97411,2496347.0,TERMINATED
97546,2496721.0,TERMINATED
97582,2496832.0,TERMINATED
97767,2497465.0,TERMINATED
97805,2497607.0,TERMINATED
97835,2497698.0,TERMINATED
98156,2498748.0,TERMINATED
98227,2498990.0,TERMINATED
98331,2499361.0,TERMINATED
98339,2499390.0,TERMINATED
98390,2499563.0,TERMINATED
98444,2499714.0,TERMINATED
98541,2500048.0,TERMINATED
98550,2500076.0,TERMINATED
98607,2500234.0,TERMINATED
98801,2500878.0,TERMINATED
98898,2501134.0,TERMINATED
98970,2501360.0,TERMINATED
99018,2501484.0,TERMINATED
99124,2501858.0,TERMINATED
99192,2502075.0,TERMINATED
99270,2502294.0,TERMINATED
99289,2502343.0,TERMINATED
99311,2502406.0,TERMINATED
99699,2503558.0,TERMINATED
99800,2503854.0,TERMINATED
99913,2504180.0,TERMINATED
99944,2504274.0,TERMINATED
99958,2504312.0,TERMINATED
100018,2504500.0,TERMINATED
100067,2504647.0,TERMINATED
100304,2505374.0,TERMINATED
100314,2505398.0,TERMINATED
100345,2505474.0,TERMINATED
100610,2506281.0,TERMINATED
100661,2506456.0,TERMINATED
100695,2506574.0,TERMINATED
100721,2506646.0,TERMINATED
100758,2506767.0,TERMINATED
100787,2506870.0,TERMINATED
100827,2506982.0,TERMINATED
100873,2507117.0,TERMINATED
101171,2508019.0,TERMINATED
101283,2508349.0,TERMINATED
101513,2509146.0,TERMINATED
101520,2509164.0,TERMINATED
101698,2509742.0,TERMINATED
101791,2510037.0,TERMINATED
101804,2510071.0,TERMINATED
101817,2510107.0,TERMINATED
101825,2510128.0,TERMINATED
101886,2510321.0,TERMINATED
101986,2510649.0,TERMINATED
102159,2511178.0,TERMINATED
102210,2511363.0,TERMINATED
102247,2511503.0,TERMINATED
102248,2511506.0,TERMINATED
102277,2511628.0,TERMINATED
102279,2511632.0,TERMINATED
102313,2511728.0,TERMINATED
102322,2511758.0,TERMINATED
102380,2511941.0,TERMINATED
102578,2512614.0,TERMINATED
102581,2512624.0,TERMINATED
102599,2512689.0,TERMINATED
102674,2512924.0,TERMINATED
102703,2512998.0,TERMINATED
102810,2513325.0,TERMINATED
102851,2513440.0,TERMINATED
102865,2513483.0,TERMINATED
102940,2513730.0,TERMINATED
102945,2513742.0,TERMINATED
102959,2513783.0,TERMINATED
103008,2513940.0,TERMINATED
103162,2514374.0,TERMINATED
103177,2514404.0,TERMINATED
103247,2514626.0,TERMINATED
103389,2515049.0,TERMINATED
103449,2515244.0,TERMINATED
103485,2515333.0,TERMINATED
103487,2515339.0,TERMINATED
103847,2516396.0,TERMINATED
103858,2516420.0,TERMINATED
103867,2516449.0,TERMINATED
103958,2516690.0,TERMINATED
104002,2516821.0,TERMINATED
104034,2516923.0,TERMINATED
104055,2516960.0,TERMINATED
104078,2517034.0,TERMINATED
104118,2517170.0,TERMINATED
104167,2517316.0,TERMINATED
104184,2517372.0,TERMINATED
104221,2517509.0,TERMINATED
104235,2517554.0,TERMINATED
104409,2518085.0,TERMINATED
104479,2518260.0,TERMINATED
104491,2518301.0,TERMINATED
104505,2518334.0,TERMINATED
104636,2518699.0,TERMINATED
104710,2518899.0,TERMINATED
104851,2519304.0,TERMINATED
105009,2519742.0,TERMINATED
105012,2519749.0,TERMINATED
105017,2519772.0,TERMINATED
105067,2519926.0,TERMINATED
105345,2520754.0,TERMINATED
105432,2521000.0,TERMINATED
105655,2521625.0,TERMINATED
105720,2521830.0,TERMINATED
105913,2522337.0,TERMINATED
106032,2522669.0,TERMINATED
106218,2523207.0,TERMINATED
106261,2523333.0,TERMINATED
106266,2523345.0,TERMINATED
106286,2523398.0,TERMINATED
106310,2523448.0,TERMINATED
106329,2523488.0,TERMINATED
106505,2523950.0,TERMINATED
106548,2524079.0,TERMINATED
106564,2524126.0,TERMINATED
106609,2524258.0,TERMINATED
106637,2524329.0,TERMINATED
106647,2524352.0,TERMINATED
106696,2524454.0,TERMINATED
106698,2524458.0,TERMINATED
106871,2524890.0,TERMINATED
106872,2524892.0,TERMINATED
106888,2524932.0,TERMINATED
107051,2525340.0,TERMINATED
107114,2525524.0,TERMINATED
107177,2525680.0,TERMINATED
107298,2525972.0,TERMINATED
107390,2526237.0,TERMINATED
107398,2526263.0,TERMINATED
107427,2526324.0,TERMINATED
107448,2526377.0,TERMINATED
107477,2526451.0,TERMINATED
107511,2526527.0,TERMINATED
107548,2526607.0,TERMINATED
107593,2526748.0,TERMINATED
107647,2526894.0,TERMINATED
108039,2527900.0,TERMINATED
108045,2527908.0,TERMINATED
108088,2528014.0,TERMINATED
108097,2528029.0,TERMINATED
108257,2528456.0,TERMINATED
108272,2528491.0,TERMINATED
108394,2528886.0,TERMINATED
108395,2528889.0,TERMINATED
108513,2529205.0,TERMINATED
108565,2529319.0,TERMINATED
108577,2529348.0,TERMINATED
108591,2529371.0,TERMINATED
108645,2529481.0,TERMINATED
108663,2529528.0,TERMINATED
108746,2529743.0,TERMINATED
108804,2529900.0,TERMINATED
108817,2529928.0,TERMINATED
108968,2530289.0,TERMINATED
109064,2530514.0,TERMINATED
109167,2530763.0,TERMINATED
109399,2531312.0,TERMINATED
109449,2531448.0,TERMINATED
109479,2531514.0,TERMINATED
109591,2531787.0,TERMINATED
109610,2531849.0,TERMINATED
109749,2532171.0,TERMINATED
109801,2532275.0,TERMINATED
109869,2532471.0,TERMINATED
109901,2532528.0,TERMINATED
109946,2532631.0,TERMINATED
109960,2532664.0,TERMINATED
110035,2532904.0,TERMINATED
110058,2532964.0,TERMINATED
110092,2533049.0,TERMINATED
110153,2533214.0,TERMINATED
110255,2533448.0,TERMINATED
110272,2533485.0,TERMINATED
110354,2533704.0,TERMINATED
110371,2533746.0,TERMINATED
110485,2534066.0,TERMINATED
110497,2534089.0,TERMINATED
110557,2534235.0,TERMINATED
110584,2534295.0,TERMINATED
110608,2534346.0,TERMINATED
110650,2534457.0,TERMINATED
110680,2534519.0,TERMINATED
110730,2534644.0,TERMINATED
110756,2534710.0,TERMINATED
110764,2534728.0,TERMINATED
110803,2534816.0,TERMINATED
110870,2534983.0,TERMINATED
110972,2535234.0,TERMINATED
111085,2535474.0,TERMINATED
111163,2535667.0,TERMINATED
111204,2535780.0,TERMINATED
111366,2536184.0,TERMINATED
111388,2536242.0,TERMINATED
111581,2536710.0,TERMINATED
111609,2536780.0,TERMINATED
111671,2536942.0,TERMINATED
111719,2537045.0,TERMINATED
111786,2537206.0,TERMINATED
111862,2537414.0,TERMINATED
111871,2537429.0,TERMINATED
111925,2537543.0,TERMINATED
112016,2537756.0,TERMINATED
112134,2538044.0,TERMINATED
112148,2538089.0,TERMINATED
112195,2538192.0,TERMINATED
112275,2538365.0,TERMINATED
112318,2538482.0,TERMINATED
112407,2538711.0,TERMINATED
112575,2539116.0,TERMINATED
112687,2539374.0,TERMINATED
112715,2539443.0,TERMINATED
112728,2539494.0,TERMINATED
112740,2539520.0,TERMINATED
112762,2539581.0,TERMINATED
112852,2539808.0,TERMINATED
112874,2539860.0,TERMINATED
112967,2540097.0,TERMINATED
113087,2540379.0,TERMINATED
113146,2540523.0,TERMINATED
113176,2540591.0,TERMINATED
113226,2540706.0,TERMINATED
113227,2540708.0,TERMINATED
113326,2540948.0,TERMINATED
113346,2540993.0,TERMINATED
113442,2541229.0,TERMINATED
113503,2541388.0,TERMINATED
113532,2541458.0,TERMINATED
113533,2541463.0,TERMINATED
113585,2541612.0,TERMINATED
113640,2541750.0,TERMINATED
113672,2541812.0,TERMINATED
113719,2541926.0,TERMINATED
113915,2542378.0,TERMINATED
113945,2542452.0,TERMINATED
113950,2542465.0,TERMINATED
113997,2542609.0,TERMINATED
114067,2542785.0,TERMINATED
114070,2542793.0,TERMINATED
114224,2543180.0,TERMINATED
114413,2543686.0,TERMINATED
114490,2543881.0,TERMINATED
114496,2543893.0,TERMINATED
114528,2543972.0,TERMINATED
114577,2544091.0,TERMINATED
114636,2544229.0,TERMINATED
114643,2544249.0,TERMINATED
114797,2544691.0,TERMINATED
114958,2545095.0,TERMINATED
115089,2545419.0,TERMINATED
115165,2545606.0,TERMINATED
115196,2545674.0,TERMINATED
115246,2545795.0,TERMINATED
115328,2546001.0,TERMINATED
115384,2546151.0,TERMINATED
115412,2546227.0,TERMINATED
115427,2546258.0,TERMINATED
115463,2546344.0,TERMINATED
115588,2546660.0,TERMINATED
115603,2546686.0,TERMINATED
115698,2546889.0,TERMINATED
115727,2546963.0,TERMINATED
115772,2547088.0,TERMINATED
115775,2547097.0,TERMINATED
115854,2547284.0,TERMINATED
115865,2547319.0,TERMINATED
115959,2547542.0,TERMINATED
115979,2547587.0,TERMINATED
116097,2547874.0,TERMINATED
116132,2547964.0,TERMINATED
116146,2547993.0,TERMINATED
116175,2548067.0,TERMINATED
116188,2548107.0,TERMINATED
116200,2548133.0,TERMINATED
116285,2548335.0,TERMINATED
116378,2548561.0,TERMINATED
116390,2548585.0,TERMINATED
116404,2548624.0,TERMINATED
116471,2548768.0,TERMINATED
116684,2549241.0,TERMINATED
116750,2549379.0,TERMINATED
116759,2549397.0,TERMINATED
116834,2549570.0,TERMINATED
117009,2549956.0,TERMINATED
117023,2549987.0,TERMINATED
117098,2550191.0,TERMINATED
117383,2550905.0,TERMINATED
117397,2550932.0,TERMINATED
117470,2551120.0,TERMINATED
117508,2551235.0,TERMINATED
117560,2551373.0,TERMINATED
117582,2551422.0,TERMINATED
117858,2551965.0,TERMINATED
117903,2552071.0,TERMINATED
118113,2552502.0,TERMINATED
118176,2552611.0,TERMINATED
118215,2552712.0,TERMINATED
118225,2552733.0,TERMINATED
118233,2552753.0,TERMINATED
118264,2552814.0,TERMINATED
118271,2552826.0,TERMINATED
118311,2552886.0,TERMINATED
118317,2552902.0,TERMINATED
118334,2552931.0,TERMINATED
118338,2552937.0,TERMINATED
118414,2553113.0,TERMINATED
118415,2553114.0,TERMINATED
118462,2553199.0,TERMINATED
118470,2553213.0,TERMINATED
118516,2553299.0,TERMINATED
118520,2553313.0,TERMINATED
118557,2553390.0,TERMINATED
118671,2553634.0,TERMINATED
118689,2553669.0,TERMINATED
118701,2553686.0,TERMINATED
118711,2553702.0,TERMINATED
118753,2553780.0,TERMINATED
118864,2554018.0,TERMINATED
118948,2554193.0,TERMINATED
118954,2554211.0,TERMINATED
118969,2554241.0,TERMINATED
119019,2554336.0,TERMINATED
119072,2554446.0,TERMINATED
119119,2554534.0,TERMINATED
119135,2554563.0,TERMINATED
119273,2554853.0,TERMINATED
119309,2554920.0,TERMINATED
119335,2554970.0,TERMINATED
119359,2555022.0,TERMINATED
119361,2555025.0,TERMINATED
119428,2555157.0,TERMINATED
119440,2555181.0,TERMINATED
119536,2555365.0,TERMINATED
119597,2555498.0,TERMINATED
119603,2555507.0,TERMINATED
119636,2555559.0,TERMINATED
119658,2555603.0,TERMINATED
119701,2555713.0,TERMINATED
119709,2555725.0,TERMINATED
119717,2555743.0,TERMINATED
119735,2555771.0,TERMINATED
119851,2556024.0,TERMINATED
119988,2556337.0,TERMINATED
119999,2556362.0,TERMINATED
120017,2556387.0,TERMINATED
120052,2556451.0,TERMINATED
120065,2556474.0,TERMINATED
120076,2556496.0,TERMINATED
120088,2556518.0,TERMINATED
120101,2556549.0,TERMINATED
120257,2556863.0,TERMINATED
120414,2557189.0,TERMINATED
120498,2557346.0,TERMINATED
120678,2557691.0,TERMINATED
120694,2557716.0,TERMINATED
120695,2557717.0,TERMINATED
120784,2557869.0,TERMINATED
120892,2558063.0,TERMINATED
120913,2558097.0,TERMINATED
121057,2558374.0,TERMINATED
121165,2559785.0,TERMINATED
